,Title,Description,Views
0,The Aristocats - Everybody wants to be a cat,"I do not own this movie.
All rights reserved by Disney and partners - The Aristocats (1970)

Music by Floyd Huddleston & Al Rinker
Lyrics by Floyd Huddleston & Al Rinker
Sung by Phil Harris, Scatman Crothers, Liz English, Thurl Ravenscroft, Lord Tim Hudson, Paul Winchell, Vito Scotti & Robie Lester",15547712
1,Robert Glasper - The Worst (Live At Capitol Studios),"Music video by Robert Glasper performing The Worst. (C) 2015 Blue Note Records
Best of Robert Glasper: https://goo.gl/UkTCQj
Subscribe here: https://goo.gl/SmhDiK

#RobertGlasper #TheWorst #Vevo",3906817
2,Lars Danielsson  - Passacaglia,"Lars Danielsson
Liberetto II (2014)
A 02 Passacaglia 4:25
With Tigran Hamasyan , John Parricelli and Magnus √ñstr√∂m",79291
3,Isn't She Lovely,"Provided to YouTube by Universal Music Group

Isn't She Lovely ¬∑ Stevie Wonder

The Definitive Collection

‚Ñó 1996 UMG Recordings, Inc.

Released on: 2002-10-29

Composer  Lyricist: Stevie Wonder

Auto-generated by YouTube.",47827665
4,Martin Miller & Tom Quayle - Isn't She Lovely (Stevie Wonder) - Live in Studio,"Pre-order the Ibanez MM1 here: 
https://www.google.de/search?safe=off&rlz=1C1EKKP_enDE752DE752&tbm=shop&q=ibanez+mm1
Pre-Order the Ibanez TQM1 here:
https://www.google.de/search?safe=off&rlz=1C1EKKP_enDE752DE752&tbm=shop&ei=KKlwWuakHcSXkwWi9bjQAg&q=ibanez+tqm1

http://www.tomquayle.co.uk
http://www.martinmillerguitar.com

""Isn't She Lovely"" was composed by Stevie Wonder. Label: Motown
I do not own the rights to the composition.

Credits:

Tom Quayle - Guitar
Martin Miller - Guitar

Andr√© Gorjatschow - Director
Daniel Espitia - Camera
Ulrich Wichmann - Camera Assistant

Audio Mix & Video Edit - Martin Miller",3904037
5,Robert Glasper Experiment: NPR Music Tiny Desk Concert,"The third song in this Tiny Desk Concert, explains the jocose pianist Robert Glasper, first appeared on one of his trio's albums of acoustic, instrumental jazz. It was called ""F.T.B."" then, though it later acquired words and a singer and was retitled ""Gonna Be Alright"" on the record which won the 2013 Grammy for Best R&B Album. That in itself provides a sense of the worlds to which Glasper has access; depending on your point of view, he either freely traverses or explodes those boundaries.

Glasper has released two albums of what you might call neo-soul, or maybe organic R&B, featuring a core band (The Robert Glasper Experiment) and guest stars like Erykah Badu, Lupe Fiasco and Norah Jones. Black Radio and last year's sequel, Black Radio 2, aren't heard much on ""urban"" radio, but the point is that they ought to be. Glasper builds his songs with old-school values: singers and MCs who don't need software to carry a melody, improvising within a band, hand-building beats and vamps with live instruments.

That's what you see at the Tiny Desk. ""Trust"" features Marsha Ambrosius, formerly of the duo Floetry, and it's a good example of the Black Radio concept in raw, unpasteurized form. The middle tune is an ad hoc improvisation, and a good example of how Glasper and his Experiment have so dialed in their communication that they can plant seeds of noise and harvest blooms of music. By the time ""F.T.B"" (a.k.a. ""Gonna Be Alright"") rolls around, the mood is familiar and at ease. It's the sound of a band whose members speak many musical languages, but decide to converse in one that feels like its native tongue. 
--PATRICK JARENWATTANANON

Set List
""Trust""
""NPR Tiny Desk Jam""
""F.T.B. (Gonna Be Alright)""

Personnel
Robert Glasper, keyboards
Derrick Hodge, bass
Mark Colenburg, drums
Marsha Ambrosius, voice

Credits
Producers: Bob Boilen, Denise DeBelius; Audio Engineer: Kevin Wait; Videographers: Denise DeBelius, Becky Harlan, Meredith Rizzo",2363733
6,Gal Costa - Wave,"Music video by Gal Costa performing Wave. (C) 1999 BMG Brasil Ltda.

http://vevo.ly/uDfiKj",1869131
7,GoGo Penguin - Jazz aÃÄ la Villette,"PLEASE SUPPORT THE ARTISTS : https://gogopenguin.bandcamp.com


0:00 All Res
7:05 Garden Dog Barbecue
11:40 Unspeakable World
16:58 Kamaloka
22:30 Murmuration
27:00 One Percent
35:55 Break
42:40 Branches Break
47:41 Initiate
54:49 Protest",1040295
8,Chris Dave And The Drumhedz: NPR Music Tiny Desk Concert,"Watch Chris Dave And The Drumhedz play at the Tiny Desk.

Did you know you can watch new Tiny Desk concerts on npr.org ONE WEEK before they go up on YouTube? Click here: https://www.npr.org/tinydesk

Follow NPR Music:
Twitter: https://twitter.com/nprmusic
Instagram: https://www.instagram.com/nprmusic

Feb. 21 | Abby O'Neill -- ""If you've never been to a Drumhedz show... ...we're gonna take you on a quick journey as if you're going through a record store,"" Chris Dave told the NPR Music offices at the top of his set, ""picking up different genres of music and putting it in your bag.""

Chris Dave is reasonably described as your favorite drummer's favorite drummer, or better yet, your favorite musician's favorite drummer. As a veteran session artist in the music industry, he's recorded and written with everyone from D'Angelo to Adele. The Houston native leads the Drumhedz behind a trap set, with his unorthodox, stacked crash cymbals and percussive toys.

The set snuck in with a serpentine flute line that any '70s heist flick would be proud to have. Sonic smash-cuts between the musical ideas whisk away the misconception you're in control of the ride you're about to take. Vocalist and new Drumhedz member, Aaron Camper gathered the audience with a quick invocation, putting his unique range and texture on full display.

Elzhi, formerly of Slum Village, Detroit's true-school hip-hop outfit, surprised the room with an unannounced cameo, reprising his rapid-fire cadence on ""Whatever"" and inciting the crowd to nod along as the Drumhedz segued into ""Tainted,"" Slum Village's turn-of-the-millennium jam.

On ""Clear View,"" Camper and the Drumhedz ushered in '60s psychedelia reminiscent of Jefferson Airplane's ""White Rabbit,"" as if interpreted by Curtis Mayfield. Atmospheric keys played by Daniel Crawford ran roughshod over the mix, while Chris Dave, with his gift for syncopation, fostered a musical space for his bandmates to shine.

The melodic journey ended with a praise-song of gratitude and love of family called ""Job Well Done."" It was clear that Chris Dave and the Drumhedz had done just that.

SET LIST
""Black Hole""
""Whatever"" (featuring Elzhi)
""Tainted"" (featuring Elzhi)
""Sounds Of The City"" (featuring Elzhi)
""Clear View""
""Job Well Done""

MUSICIANS
Chris Dave: drums; Thaddaeus Tribbett: bass; Daniel Crawford: keys; Frank Moka: percussion; Isaiah Sharkey: guitar; Tom Ford: guitar; Aaron Camper: vocals; Kebbi Williams: saxophone, flute; Elzhi: vocals

CREDITS
Producers: Abby O'Neill, Morgan Noelle Smith; Creative director: Bob Boilen; Audio engineers: Josh Rogosin, Alex Drewenskus; Editor: Jack Corbett; Videographers: Morgan Noelle Smith, Jack Corbett, Bronson Arcuri, Kara Frame; Associate Producer: Bobby Carter; Executive producer: Lauren Onkey; VP, programming: Anya Grundmann; Photo: Catie Dull/NPR",863232
9,"K Custom Special Dry Performance - Lenny ""The Ox"" Reece & The Lesson GK","Lenny ‚ÄúThe Ox‚Äù Reece and The Lesson GK is the first band EVER to play LIVE in the Zildjian Artist Vault!  Check out this exclusive performance of the K Custom Special Dry Cymbals in action!  

‚ÄúThe Weekend‚Äù by The Lesson GK 

The Band:
Vocals ‚ÄìJ. Hoard 
Vocals ‚Äì Phaseone
Keys 1 - Christian Almiron
Keys 2- Julian ""J3PO"" Pollack
Bass- David Cutler
Drums- Lenny ""The Ox"" Reece

Credits:
Music Written by: The Lesson GK
Music Produced by: Lenny ‚ÄúThe Ox‚Äù Reece
Filmed by: Trevor Bowman
Recorded and Produced by: Emily Smith
Mixed By: Julian ""J3PO"" Pollack

For more info on The K Custom Special Dry Series:
https://zildjian.com/k-family/k-custom",287712
10,Contemporary post jazz // ILLO Trio // Besedka Live,"–ü–æ–¥–¥–µ—Ä–∂–∞—Ç—å –ë–µ—Å–µ–¥–∫—É –Ω–∞ Boosty (–¥–ª—è —Ä—É—Å—Å–∫–∏—Ö –∫–∞—Ä—Ç): https://boosty.to/besedka_live
–ü–æ–¥–¥–µ—Ä–∂–∞—Ç—å –ë–µ—Å–µ–¥–∫—É –Ω–∞ –ü–∞—Ç—Ä–µ–æ–Ω–µ (–¥–ª—è –∏–Ω–æ—Å—Ç—Ä–∞–Ω–Ω—ã—Ö –∫–∞—Ä—Ç): https://www.patreon.com/besedka_live

–¢—Ä–∏–æ –∏–∑ –ú–æ—Å–∫–≤—ã –≤ –∫–ª–∞—Å—Å–∏—á–µ—Å–∫–æ–º –¥–∂–∞–∑–æ–≤–æ–º —Å–æ—Å—Ç–∞–≤–µ - –∫–ª–∞–≤–∏—à–Ω—ã–µ, –∫–æ–Ω—Ç—Ä–∞–±–∞—Å, —É–¥–∞—Ä–Ω—ã–µ. –ò–≥—Ä–∞–µ—Ç –∞–≤—Ç–æ—Ä—Å–∫—É—é –º—É–∑—ã–∫—É –Ω–∞ —Å—Ç—ã–∫–µ –∞–∫–∞–¥–µ–º–∏—á–µ—Å–∫–æ–≥–æ –∏ –¥–∂–∞–∑–æ–≤–æ–≥–æ –Ω–∞–ø—Ä–∞–≤–ª–µ–Ω–∏–π. –ù–∞ –∑–≤—É—á–∞–Ω–∏–µ –ø–æ–≤–ª–∏—è–ª–∏ —Ç–∞–∫–∏–µ –∫–æ–ª–ª–µ–∫—Ç–∏–≤—ã –∏ –∏—Å–ø–æ–ª–Ω–∏—Ç–µ–ª–∏,–∫–∞–∫ GoGo Penguin, Brad Mehldau, Mammal Hands, E.S.T. ,Portico Quartet –∏ –¥—Ä.

–í —Å–≤–æ–∏—Ö –∫–æ–º–ø–æ–∑–∏—Ü–∏—è—Ö –º—É–∑—ã–∫–∞–Ω—Ç—ã –ø—Ä–µ–æ–±—Ä–∞–∑–æ–≤—ã–≤–∞—é—Ç –∑–≤—É—á–∞–Ω–∏–µ –∫–ª–∞—Å—Å–∏—á–µ—Å–∫–æ–≥–æ –∞–Ω—Å–∞–º–±–ª—è, –≤–Ω–µ–¥—Ä—è—è —ç–ª–µ–º–µ–Ω—Ç—ã –¥—Ä—É–≥–∏—Ö —Å—Ç–∏–ª–µ–π –∏ –ø–µ—Ä–µ–æ—Å–º—ã—Å–ª–∏–≤–∞—è –ø—Ä–∏–≤—ã—á–Ω—ã–µ –º—É–∑—ã–∫–∞–ª—å–Ω—ã–µ —Ñ–æ—Ä–º—É–ª—ã.

00:00 –ù–∞—á–∞–ª–æ
00:20 Finwhale
05:21 June 23
10:10 [–ò–Ω—Ç–µ—Ä–≤—å—é] –ü—Ä–æ ILLO
11:05 [–ò–Ω—Ç–µ—Ä–≤—å—é] –ü–µ—Ä–≤–æ–µ –ø—É–±–ª–∏—á–Ω–æ–µ –≤—ã—Å—Ç—É–ø–ª–µ–Ω–∏–µ
11:38 [–ò–Ω—Ç–µ—Ä–≤—å—é] –õ—é–±–∏–º—ã–µ –ª–∞–π–≤—ã –Ω–∞ NPR
12:48 [–ò–Ω—Ç–µ—Ä–≤—å—é] –ü—Ä–æ –∫–∏—Ç–æ–≤
13:34 [–ò–Ω—Ç–µ—Ä–≤—å—é] –£—á–∞—Å—Ç–Ω–∏–∫–∏ ILLO –¥—É—Ö–æ–≤–Ω—ã–µ –ª–∏–¥–µ—Ä—ã
16:15 Jousiradat
22:10 Delirium


–ú—É–∑—ã–∫–∞–Ω—Ç—ã:
–ù–∏–∫–æ–ª–∞–π –•–æ–º–µ–Ω–∫–æ - –∫–ª–∞–≤–∏—à–Ω—ã–µ
–ê–ª–µ–∫—Å–µ–π –ë–∞—É—Å–∏–Ω - –∫–æ–Ω—Ç—Ä–∞–±–∞—Å 
–ù–∏–∫–æ–ª–∞–π –ü—Ä–∏—Ö–æ—Ç—å–∫–æ - —É–¥–∞—Ä–Ω—ã–µ

–ê–≤—Ç–æ—Ä –ø—Ä–æ–µ–∫—Ç–∞, –≤–µ–¥—É—â–∞—è: –ù–∞—Ç–∞—à–∞ Mishoo
–ó–∞–ø–∏—Å—å –∑–≤—É–∫–∞: –ê—Ä—Å–µ–Ω –°—Ç–µ–ø–∞–Ω—è–Ω, –ê–ª–µ–∫—Å–∞–Ω–¥—Ä –ö–∞–∑–∞–∫–æ–≤
–°–≤–µ–¥–µ–Ω–∏–µ –∏ –º–∞—Å—Ç–µ—Ä–∏–Ω–≥: –ê—Ä—Å–µ–Ω –°—Ç–µ–ø–∞–Ω—è–Ω
–°—ä—ë–º–∫–∞ –≤–∏–¥–µ–æ: –ò—Ä–∏–Ω–∞ –õ–∏—Å–æ–≤–µ–Ω–∫–æ, –Ø—Ä–æ—Å–ª–∞–≤ –§–∏–ª–∏–ø–ø–æ–≤, –ù–∏–∫–∞—Å –ö–æ—Ç–∏—á
–ú–æ–Ω—Ç–∞–∂: –ù–∏–∫–∞—Å –ö–æ—Ç–∏—á
–†–µ–∂–∏—Å—Å—ë—Ä: –ù–∏–∫–∞—Å –ö–æ—Ç–∏—á

–ë–æ–ª—å—à–µ –∞–∫—Ç—É–∞–ª—å–Ω–æ–π –∏–Ω—Ñ–æ—Ä–º–∞—Ü–∏–∏ –æ –ø—Ä–æ–µ–∫—Ç–µ –≤ –Ω–∞—à–∏—Ö —Å–æ—Ü.—Å–µ—Ç—è—Ö.
–ü–æ–¥–ø–∏—Å—ã–≤–∞–π—Å—è, —á—Ç–æ–±—ã –ø–µ—Ä–≤—ã–º —É–∑–Ω–∞–≤–∞—Ç—å –æ –Ω–æ–≤—ã—Ö —Ä–µ–ª–∏–∑–∞—Ö –∏ –ø—Ä–∏–π—Ç–∏ –Ω–∞ –æ—Ç–∫—Ä—ã—Ç—ã–π –∫–æ–Ω—Ü–µ—Ä—Ç-—Å—ä–µ–º–∫—É.

–ò–Ω—Å—Ç–∞–≥—Ä–∞–º: https://instagram.com/besedka__live‚Äã‚Äã‚Äã‚Äã   
–¢–µ–ª–µ–≥—Ä–∞–º: https://t.me/besedka_live‚Äã‚Äã‚Äã‚Äã   

–ö—É–ª—å—Ç—É—Ä–Ω—ã–π —Ü–µ–Ω—Ç—Ä –ë–µ–ª—ã–µ –û–±–ª–∞–∫–∞ 2021
https://white-clouds.ru/",3130
11,LRK –¢RIO,"https://kozlovclub.ru/

Jazz, Soul, Blues, Funk, Gospel, World-Music

***
–ü–æ–¥–ø–∏—Å—ã–≤–∞–π—Ç–µ—Å—å –Ω–∞ –Ω–∞—à–∏ —Å–æ—Ü–∏–∞–ª—å–Ω—ã–µ —Å–µ—Ç–∏:
Facebook: https://www.facebook.com/KozlovClub
Vk: https://vk.com/kozlovclubfan
Instagram: https://www.instagram.com/kozlovclub/
OK: https://ok.ru/kozlovclub",563
12,ILLO - ByeBye Penguin,"–ù–∏–∫–æ–ª–∞–π –ü—Ä–∏—Ö–æ—Ç—å–∫–æ - —É–¥–∞—Ä–Ω—ã–µ
–ê–ª–µ–∫—Å–µ–π –ë–∞—É—Å–∏–Ω - –∫–æ–Ω—Ç—Ä–∞–±–∞—Å
–ù–∏–∫–æ–ª–∞–π –•–æ–º–µ–Ω–∫–æ - –∫–ª–∞–≤–∏—à–Ω—ã–µ, –∫–æ–º–ø–æ–∑–∏—Ü–∏—è",143
13,Masala quartet -Live from Mjam 2st take,"Masala quartet
–ê–Ω–Ω–∞ –ë—ë–º–µ- –∫–ª–∞–≤–∏—à–Ω—ã–µ
–ê–ª–µ–∫—Å–µ–π –°—É—Ö–æ–≤- —Å–∞–∫—Å–æ—Ñ–æ–Ω
–ù–∏–∫–æ–ª–∞–π –ü—Ä–∏—Ö–æ—Ç—å–∫–æ-  —É–¥–∞—Ä–Ω—ã–µ
–§—ë–¥–æ—Ä –§–∞–±–µ—Ä- –∫–æ–Ω—Ç—Ä–∞–±–∞—Å",51
14,Masala quartet -Live from Mjam 1st take,"–ê–Ω–Ω–∞ –ë—ë–º–µ- –∫–ª–∞–≤–∏—à–Ω—ã–µ
–ê–ª–µ–∫—Å–µ–π –°—É—Ö–æ–≤- —Å–∞–∫—Å–æ—Ñ–æ–Ω
–ù–∏–∫–æ–ª–∞–π –ü—Ä–∏—Ö–æ—Ç—å–∫–æ- —É–¥–∞—Ä–Ω—ã–µ
–§—ë–¥–æ—Ä –§–∞–±–µ—Ä- –∫–æ–Ω—Ç—Ä–∞–±–∞—Å",57
15,–¢—Ä–∏–æ –ú–∞—Ä–∏–∏ –ê–∫—Å—ë–Ω–æ–≤–æ–π ‚Äì 08.07.22 ‚Äì –¥–∂–∞–∑-–∫–ª—É–± ¬´–≠–°–°–ï¬ª (–≥. –ú–æ—Å–∫–≤–∞).,"üéπ –ú–∞—Ä–∏—è –ê–∫—Å–µ–Ω–æ–≤–∞ ‚Äì –æ–¥–Ω–∞ –∏–∑ –ª—É—á—à–∏—Ö –¥–∂–∞–∑–æ–≤—ã—Ö –ø–∏–∞–Ω–∏—Å—Ç–æ–∫ –ö–∞–∑–∞–Ω–∏, —Ä—É–∫–æ–≤–æ–¥–∏—Ç–µ–ª—å —Å–æ–±—Å—Ç–≤–µ–Ω–Ω–æ–≥–æ –∞–Ω—Å–∞–º–±–ª—è, –∫–æ–º–ø–æ–∑–∏—Ç–æ—Ä, —Å–æ–ª–∏—Å—Ç–∫–∞ —Ñ–∏–ª–∞—Ä–º–æ–Ω–∏—á–µ—Å–∫–æ–≥–æ –¥–∂–∞–∑.–æ—Ä–∫–µ—Å—Ç—Ä–∞ —Ä–µ—Å–ø—É–±–ª–∏–∫–∏ –¢–∞—Ç–∞—Ä—Å—Ç–∞–Ω.
üéº
–í –º—É–∑—ã–∫–µ @AXE_MARY_  –¥–∏–∞–ª–µ–∫—Ç–∏—á–Ω–æ —Å–æ—á–µ—Ç–∞–µ—Ç—Å—è —Å–ª–æ–∂–Ω–æ—Å—Ç—å –∏ –ª—ë–≥–∫–æ—Å—Ç—å; –ø–æ–≤–µ—Å—Ç–≤–æ–≤–∞—Ç–µ–ª—å–Ω–æ–µ –∏, –≤ —Ç–æ –∂–µ –≤—Ä–µ–º—è, —Ç–∞–Ω—Ü–µ–≤–∞–ª—å–Ω–æ–µ –Ω–∞—Å—Ç—Ä–æ–µ–Ω–∏–µ. –û—Å–æ–±—ã–µ —Å–∏–Ω–∫–æ–ø–∏—Ä–æ–≤–∞–Ω–Ω—ã–µ —Ä–∏—Ç–º—ã –ª–æ–≤–∫–æ –ø–µ—Ä–µ–ø–ª–µ—Ç–∞—é—Ç—Å—è —Å –≥–ª—É–±–æ–∫–∏–º –º–µ–ª–æ–¥–∏–∑–º–æ–º, –æ—Ç—Ä–∞–∂–∞—é—â–∏–º —ç—Ç–Ω–∏—á–µ—Å–∫—É—é –ø—Ä–∏–Ω–∞–¥–ª–µ–∂–Ω–æ—Å—Ç—å –º—É–∑—ã–∫–∏. –ê —Å—Ç–∏–ª–µ–≤—ã–µ —Ä–µ—à–µ–Ω–∏—è –Ω–µ –∑–Ω–∞—é—Ç –≥—Ä–∞–Ω–∏—Ü: –Ω–∞—á–∏–Ω–∞—è –æ—Ç –±–∞–ª–ª–∞–¥ –∏ –∑–∞–∫–∞–Ω—á–∏–≤–∞—è drum & bass.
üéº
–í —è–Ω–≤–∞—Ä–µ —ç—Ç–æ–≥–æ –≥–æ–¥–∞ —Ç—Ä–∏–æ –±—ã–ª–æ —É–¥–æ—Å—Ç–æ–µ–Ω–æ –∑–≤–∞–Ω–∏—è –ª–∞—É—Ä–µ–∞—Ç–∞ –Ω–∞ –º–µ–∂–¥—É–Ω–∞—Ä–æ–¥–Ω–æ–º –∫–æ–Ω–∫—É—Ä—Å–µ. –ê –≤ –∏—é–Ω–µ —Å–æ—Å—Ç–æ—è–ª—Å—è –ø–µ—Ä–≤—ã–π —Ä–µ–ª–∏–∑ –∞–≤—Ç–æ—Ä—Å–∫–æ–π –ø—å–µ—Å—ã ¬´–†—É—Å—Å–∫–∞—è¬ª –Ω–∞ –≤—Å–µ—Ö –º—É–∑—ã–∫–∞–ª—å–Ω—ã—Ö –ø–ª–∞—Ç—Ñ–æ—Ä–º–∞—Ö.
üéº
–°–æ—Å—Ç–∞–≤: 
–ú–∞—Ä–∏—è –ê–∫—Å—ë–Ω–æ–≤–∞ ‚Äì üéπ —Ä–æ—è–ª—å
–§–µ–ª–∏–∫—Å –ê–∫—Å—ë–Ω–æ–≤ ‚Äì üé∏ –≥–∏—Ç–∞—Ä–∞ 
–ù–∏–∫–æ–ª–∞–π –ü—Ä–∏—Ö–æ—Ç—å–∫–æ ‚Äì ü•Å —É–¥–∞—Ä–Ω—ã–µ 
üéº
P.s. –û—Ñ–æ—Ä–º–ª–µ–Ω–∏–µ –∏–Ω—Ç–µ—Ä—å–µ—Ä–∞ –¥–∂–∞–∑-–∫–ª—É–±–∞ ESSE –ø–∞—Ä–∞—Ñ–∏–Ω–æ–≤—ã–º–∏ –ø–æ–¥—Å–≤–µ—á–Ω–∏–∫–∞–º–∏ & —Å–≤–µ—Ç–æ–¥–∏–æ–¥–Ω—ã–º–∏ —Å–≤–µ—á–∞–º–∏. üïØüíñ",62
16,–†—É—Å—Å–∫–∞—è ‚Äì –¢—Ä–∏–æ –ú–∞—Ä–∏–∏ –ê–∫—Å—ë–Ω–æ–≤–æ–π ‚Äì 08.07.22 ‚Äì –¥–∂–∞–∑-–∫–ª—É–± ¬´–≠–°–°–ï¬ª (–≥. –ú–æ—Å–∫–≤–∞).,"üéπ –ú–∞—Ä–∏—è –ê–∫—Å–µ–Ω–æ–≤–∞ ‚Äì –æ–¥–Ω–∞ –∏–∑ –ª—É—á—à–∏—Ö –¥–∂–∞–∑–æ–≤—ã—Ö –ø–∏–∞–Ω–∏—Å—Ç–æ–∫ –ö–∞–∑–∞–Ω–∏, —Ä—É–∫–æ–≤–æ–¥–∏—Ç–µ–ª—å —Å–æ–±—Å—Ç–≤–µ–Ω–Ω–æ–≥–æ –∞–Ω—Å–∞–º–±–ª—è, –∫–æ–º–ø–æ–∑–∏—Ç–æ—Ä, —Å–æ–ª–∏—Å—Ç–∫–∞ —Ñ–∏–ª–∞—Ä–º–æ–Ω–∏—á–µ—Å–∫–æ–≥–æ –¥–∂–∞–∑.–æ—Ä–∫–µ—Å—Ç—Ä–∞ —Ä–µ—Å–ø—É–±–ª–∏–∫–∏ –¢–∞—Ç–∞—Ä—Å—Ç–∞–Ω.
üéº
–í –º—É–∑—ã–∫–µ –ú–∞—Ä–∏–∏ –¥–∏–∞–ª–µ–∫—Ç–∏—á–Ω–æ —Å–æ—á–µ—Ç–∞–µ—Ç—Å—è —Å–ª–æ–∂–Ω–æ—Å—Ç—å –∏ –ª—ë–≥–∫–æ—Å—Ç—å; –ø–æ–≤–µ—Å—Ç–≤–æ–≤–∞—Ç–µ–ª—å–Ω–æ–µ –∏, –≤ —Ç–æ –∂–µ –≤—Ä–µ–º—è, —Ç–∞–Ω—Ü–µ–≤–∞–ª—å–Ω–æ–µ –Ω–∞—Å—Ç—Ä–æ–µ–Ω–∏–µ. –û—Å–æ–±—ã–µ —Å–∏–Ω–∫–æ–ø–∏—Ä–æ–≤–∞–Ω–Ω—ã–µ —Ä–∏—Ç–º—ã –ª–æ–≤–∫–æ –ø–µ—Ä–µ–ø–ª–µ—Ç–∞—é—Ç—Å—è —Å –≥–ª—É–±–æ–∫–∏–º –º–µ–ª–æ–¥–∏–∑–º–æ–º, –æ—Ç—Ä–∞–∂–∞—é—â–∏–º —ç—Ç–Ω–∏—á–µ—Å–∫—É—é –ø—Ä–∏–Ω–∞–¥–ª–µ–∂–Ω–æ—Å—Ç—å –º—É–∑—ã–∫–∏. –ê —Å—Ç–∏–ª–µ–≤—ã–µ —Ä–µ—à–µ–Ω–∏—è –Ω–µ –∑–Ω–∞—é—Ç –≥—Ä–∞–Ω–∏—Ü: –Ω–∞—á–∏–Ω–∞—è –æ—Ç –±–∞–ª–ª–∞–¥ –∏ –∑–∞–∫–∞–Ω—á–∏–≤–∞—è drum & bass.
üéº
–í —è–Ω–≤–∞—Ä–µ —ç—Ç–æ–≥–æ –≥–æ–¥–∞ —Ç—Ä–∏–æ –±—ã–ª–æ —É–¥–æ—Å—Ç–æ–µ–Ω–æ –∑–≤–∞–Ω–∏—è –ª–∞—É—Ä–µ–∞—Ç–∞ –Ω–∞ –º–µ–∂–¥—É–Ω–∞—Ä–æ–¥–Ω–æ–º –∫–æ–Ω–∫—É—Ä—Å–µ. –ê –≤ –∏—é–Ω–µ —Å–æ—Å—Ç–æ—è–ª—Å—è –ø–µ—Ä–≤—ã–π —Ä–µ–ª–∏–∑ –∞–≤—Ç–æ—Ä—Å–∫–æ–π –ø—å–µ—Å—ã ¬´–†—É—Å—Å–∫–∞—è¬ª –Ω–∞ –≤—Å–µ—Ö –º—É–∑—ã–∫–∞–ª—å–Ω—ã—Ö –ø–ª–∞—Ç—Ñ–æ—Ä–º–∞—Ö.
üéº
–°–æ—Å—Ç–∞–≤:
@AXE_MARY_  üéπ —Ä–æ—è–ª—å
–§–µ–ª–∏–∫—Å –ê–∫—Å—ë–Ω–æ–≤ ‚Äì üé∏ –≥–∏—Ç–∞—Ä–∞ 
–ù–∏–∫–æ–ª–∞–π –ü—Ä–∏—Ö–æ—Ç—å–∫–æ ‚Äì ü•Å —É–¥–∞—Ä–Ω—ã–µ 
üéº
P.s. –û—Ñ–æ—Ä–º–ª–µ–Ω–∏–µ –∏–Ω—Ç–µ—Ä—å–µ—Ä–∞ –¥–∂–∞–∑-–∫–ª—É–±–∞ ESSE –ø–∞—Ä–∞—Ñ–∏–Ω–æ–≤—ã–º–∏ –ø–æ–¥—Å–≤–µ—á–Ω–∏–∫–∞–º–∏ & —Å–≤–µ—Ç–æ–¥–∏–æ–¥–Ω—ã–º–∏ —Å–≤–µ—á–∞–º–∏. üïØüíñ",28
17,–ü–æ–ª–∏—Ä–∏—Ç–º–∏—á–µ—Å–∫–∏–π —ç—Ç—é–¥ ‚Äì –¢—Ä–∏–æ –ú–∞—Ä–∏–∏ –ê–∫—Å—ë–Ω–æ–≤–æ–π ‚Äì 08.07.22 ‚Äì –¥–∂–∞–∑-–∫–ª—É–± ¬´–≠–°–°–ï¬ª (–≥. –ú–æ—Å–∫–≤–∞).,"üéπ –ú–∞—Ä–∏—è –ê–∫—Å–µ–Ω–æ–≤–∞ ‚Äì –æ–¥–Ω–∞ –∏–∑ –ª—É—á—à–∏—Ö –¥–∂–∞–∑–æ–≤—ã—Ö –ø–∏–∞–Ω–∏—Å—Ç–æ–∫ –ö–∞–∑–∞–Ω–∏, —Ä—É–∫–æ–≤–æ–¥–∏—Ç–µ–ª—å —Å–æ–±—Å—Ç–≤–µ–Ω–Ω–æ–≥–æ –∞–Ω—Å–∞–º–±–ª—è, –∫–æ–º–ø–æ–∑–∏—Ç–æ—Ä, —Å–æ–ª–∏—Å—Ç–∫–∞ —Ñ–∏–ª–∞—Ä–º–æ–Ω–∏—á–µ—Å–∫–æ–≥–æ –¥–∂–∞–∑.–æ—Ä–∫–µ—Å—Ç—Ä–∞ —Ä–µ—Å–ø—É–±–ª–∏–∫–∏ –¢–∞—Ç–∞—Ä—Å—Ç–∞–Ω.
üéº
–í –º—É–∑—ã–∫–µ  @–ú–∞—Ä–∏—è –ê–∫—Å—ë–Ω–æ–≤–∞   –¥–∏–∞–ª–µ–∫—Ç–∏—á–Ω–æ —Å–æ—á–µ—Ç–∞–µ—Ç—Å—è —Å–ª–æ–∂–Ω–æ—Å—Ç—å –∏ –ª—ë–≥–∫–æ—Å—Ç—å; –ø–æ–≤–µ—Å—Ç–≤–æ–≤–∞—Ç–µ–ª—å–Ω–æ–µ –∏, –≤ —Ç–æ –∂–µ –≤—Ä–µ–º—è, —Ç–∞–Ω—Ü–µ–≤–∞–ª—å–Ω–æ–µ –Ω–∞—Å—Ç—Ä–æ–µ–Ω–∏–µ. –û—Å–æ–±—ã–µ —Å–∏–Ω–∫–æ–ø–∏—Ä–æ–≤–∞–Ω–Ω—ã–µ —Ä–∏—Ç–º—ã –ª–æ–≤–∫–æ –ø–µ—Ä–µ–ø–ª–µ—Ç–∞—é—Ç—Å—è —Å –≥–ª—É–±–æ–∫–∏–º –º–µ–ª–æ–¥–∏–∑–º–æ–º, –æ—Ç—Ä–∞–∂–∞—é—â–∏–º —ç—Ç–Ω–∏—á–µ—Å–∫—É—é –ø—Ä–∏–Ω–∞–¥–ª–µ–∂–Ω–æ—Å—Ç—å –º—É–∑—ã–∫–∏. –ê —Å—Ç–∏–ª–µ–≤—ã–µ —Ä–µ—à–µ–Ω–∏—è –Ω–µ –∑–Ω–∞—é—Ç –≥—Ä–∞–Ω–∏—Ü: –Ω–∞—á–∏–Ω–∞—è –æ—Ç –±–∞–ª–ª–∞–¥ –∏ –∑–∞–∫–∞–Ω—á–∏–≤–∞—è drum & bass.
üéº
–í —è–Ω–≤–∞—Ä–µ —ç—Ç–æ–≥–æ –≥–æ–¥–∞ —Ç—Ä–∏–æ –±—ã–ª–æ —É–¥–æ—Å—Ç–æ–µ–Ω–æ –∑–≤–∞–Ω–∏—è –ª–∞—É—Ä–µ–∞—Ç–∞ –Ω–∞ –º–µ–∂–¥—É–Ω–∞—Ä–æ–¥–Ω–æ–º –∫–æ–Ω–∫—É—Ä—Å–µ. –ê –≤ –∏—é–Ω–µ —Å–æ—Å—Ç–æ—è–ª—Å—è –ø–µ—Ä–≤—ã–π —Ä–µ–ª–∏–∑ –∞–≤—Ç–æ—Ä—Å–∫–æ–π –ø—å–µ—Å—ã ¬´–†—É—Å—Å–∫–∞—è¬ª –Ω–∞ –≤—Å–µ—Ö –º—É–∑—ã–∫–∞–ª—å–Ω—ã—Ö –ø–ª–∞—Ç—Ñ–æ—Ä–º–∞—Ö.
üéº
–°–æ—Å—Ç–∞–≤: 
–ú–∞—Ä–∏—è –ê–∫—Å—ë–Ω–æ–≤–∞ ‚Äì üéπ —Ä–æ—è–ª—å
–§–µ–ª–∏–∫—Å –ê–∫—Å—ë–Ω–æ–≤ ‚Äì üé∏ –≥–∏—Ç–∞—Ä–∞ 
–ù–∏–∫–æ–ª–∞–π –ü—Ä–∏—Ö–æ—Ç—å–∫–æ ‚Äì ü•Å —É–¥–∞—Ä–Ω—ã–µ 
üéº
P.s. –û—Ñ–æ—Ä–º–ª–µ–Ω–∏–µ –∏–Ω—Ç–µ—Ä—å–µ—Ä–∞ –¥–∂–∞–∑-–∫–ª—É–±–∞ ESSE –ø–∞—Ä–∞—Ñ–∏–Ω–æ–≤—ã–º–∏ –ø–æ–¥—Å–≤–µ—á–Ω–∏–∫–∞–º–∏ & —Å–≤–µ—Ç–æ–¥–∏–æ–¥–Ω—ã–º–∏ —Å–≤–µ—á–∞–º–∏. üïØüíñ",27
18,Underdog ‚Äì –¢—Ä–∏–æ –ê–Ω—Ç–æ–Ω–∞ –ó–∞–≥–∞—Ä–æ–≤–∞ ‚Äì 25.11.21 ‚Äì –¥–∂–∞–∑-–∫–ª—É–± ¬´–≠–°–°–ï¬ª (–≥.–ú–æ—Å–∫–≤–∞).,"–ê–Ω—Ç–æ–Ω –ó–∞–≥–∞—Ä–æ–≤ - –ø–∏–∞–Ω–∏—Å—Ç –∏ –∫–æ–º–ø–æ–∑–∏—Ç–æ—Ä, –≤—ã–ø—É—Å–∫–Ω–∏–∫ –†–ê–ú –∏–º. –ì–Ω–µ—Å–∏–Ω—ã—Ö. –ê–Ω—Ç–æ–Ω —è–≤–ª—è–µ—Ç—Å—è —è—Ä–∫–∏–º –∏–º–ø—Ä–æ–≤–∏–∑–∞—Ç–æ—Ä–æ–º, –æ–±–ª–∞–¥–∞—é—â–∏–º –Ω–µ–∑–∞–≤–∏—Å–∏–º—ã–º —Ö—É–¥–æ–∂–µ—Å—Ç–≤–µ–Ω–Ω—ã–º –≥–æ–ª–æ—Å–æ–º.
üéº
–í —Ñ–æ—Ä–º–∞—Ç–µ –¥–∂–∞–∑–æ–≤–æ–≥–æ —Ç—Ä–∏–æ, –∫–æ—Ç–æ—Ä–æ–µ —Ä–µ–≥—É–ª—è—Ä–Ω–æ –≤—ã—Å—Ç—É–ø–∞–µ—Ç –≤ –≤–µ–¥—É—â–∏—Ö –¥–∂–∞–∑–æ–≤—ã—Ö –∫–ª—É–±–∞—Ö –ú–æ—Å–∫–≤—ã, –ê–Ω—Ç–æ–Ω –∏—Å–ø–æ–ª–Ω—è–µ—Ç —Å–≤–æ—é –º—É–∑—ã–∫—É, –¥–ª—è –∫–æ—Ç–æ—Ä–æ–π —Ö–∞—Ä–∞–∫—Ç–µ—Ä–Ω–∞ –ø—Å–∏—Ö–æ–ª–æ–≥–∏—á–Ω–æ—Å—Ç—å, –¥—Ä–∞–π–≤ –∏ —ç–º–æ—Ü–∏–æ–Ω–∞–ª—å–Ω–∞—è –≥–ª—É–±–∏–Ω–∞. –≠—Ç–∞ –º—É–∑—ã–∫–∞ —Å–æ–µ–¥–∏–Ω—è–µ—Ç –≤ —Å–µ–±–µ —è–∑—ã–∫–∏ —Ä–∞–∑–ª–∏—á–Ω—ã—Ö –º—É–∑—ã–∫–∞–ª—å–Ω—ã—Ö –∫—É–ª—å—Ç—É—Ä: —Å–æ–≤—Ä–µ–º–µ–Ω–Ω—ã–π –¥–∂–∞–∑, –∞–∫–∞–¥–µ–º–∏—á–µ—Å–∫–∞—è –º—É–∑—ã–∫–∞, —Ñ–æ–ª–∫, —Ç—Ä–∏–ø-—Ö–æ–ø, —ç–º–±–∏–µ–Ω—Ç.
üéº
–°–æ—Å—Ç–∞–≤:
–ê–Ω—Ç–æ–Ω –ó–∞–≥–∞—Ä–æ–≤ ‚Äì üéπ —Ñ–æ—Ä—Ç–µ–ø–∏–∞–Ω–æ
–°–µ—Ä–≥–µ–π –ö–æ–Ω–¥—Ä–∞—Ç—å–µ–≤ ‚Äì üé∏–≥–∏—Ç–∞—Ä–∞
–ù–∏–∫–æ–ª–∞–π –ü—Ä–∏—Ö–æ—Ç—å–∫–æ ‚Äì ü•Å —É–¥–∞—Ä–Ω—ã–µ
üéº
P.s. –û—Ñ–æ—Ä–º–ª–µ–Ω–∏–µ –∏–Ω—Ç–µ—Ä—å–µ—Ä–∞ ESSE –∫–æ–º–ø–æ–∑–∏—Ü–∏—è–º–∏ –∏ –ø–∞—Ä–∞—Ñ–∏–Ω–æ–≤—ã—Ö –ø–æ–¥—Å–≤–µ—á–Ω–∏–∫–æ–≤ & —Å–≤–µ—Ç–æ–¥–∏–æ–¥–Ω—ã—Ö —Å–≤–µ—á–µ–π –∏–∑ –Ω–∞—à–µ–≥–æ –∞—Å—Å–æ—Ä—Ç–∏–º–µ–Ω—Ç–∞. üíñüïØ",44
19,–õ–µ—Ç–æ –≤ –ì–æ—Ä–æ–¥–µ ‚Äì –¢—Ä–∏–æ –ê–Ω—Ç–æ–Ω–∞ –ó–∞–≥–∞—Ä–æ–≤–∞ ‚Äì 29.01.22 ‚Äì –¥–∂–∞–∑-–∫–ª—É–± ¬´–≠–°–°–ï¬ª (–≥.–ú–æ—Å–∫–≤–∞).,"–ê–Ω—Ç–æ–Ω –ó–∞–≥–∞—Ä–æ–≤ - –ø–∏–∞–Ω–∏—Å—Ç –∏ –∫–æ–º–ø–æ–∑–∏—Ç–æ—Ä, –≤—ã–ø—É—Å–∫–Ω–∏–∫ –†–ê–ú –∏–º. –ì–Ω–µ—Å–∏–Ω—ã—Ö. –ê–Ω—Ç–æ–Ω —è–≤–ª—è–µ—Ç—Å—è —è—Ä–∫–∏–º –∏–º–ø—Ä–æ–≤–∏–∑–∞—Ç–æ—Ä–æ–º, –æ–±–ª–∞–¥–∞—é—â–∏–º –Ω–µ–∑–∞–≤–∏—Å–∏–º—ã–º —Ö—É–¥–æ–∂–µ—Å—Ç–≤–µ–Ω–Ω—ã–º –≥–æ–ª–æ—Å–æ–º.
üéº
–í —Ñ–æ—Ä–º–∞—Ç–µ –¥–∂–∞–∑–æ–≤–æ–≥–æ —Ç—Ä–∏–æ, –∫–æ—Ç–æ—Ä–æ–µ —Ä–µ–≥—É–ª—è—Ä–Ω–æ –≤—ã—Å—Ç—É–ø–∞–µ—Ç –≤ –≤–µ–¥—É—â–∏—Ö –¥–∂–∞–∑–æ–≤—ã—Ö –∫–ª—É–±–∞—Ö –ú–æ—Å–∫–≤—ã, –ê–Ω—Ç–æ–Ω –∏—Å–ø–æ–ª–Ω—è–µ—Ç —Å–≤–æ—é –º—É–∑—ã–∫—É, –¥–ª—è –∫–æ—Ç–æ—Ä–æ–π —Ö–∞—Ä–∞–∫—Ç–µ—Ä–Ω–∞ –ø—Å–∏—Ö–æ–ª–æ–≥–∏—á–Ω–æ—Å—Ç—å, –¥—Ä–∞–π–≤ –∏ —ç–º–æ—Ü–∏–æ–Ω–∞–ª—å–Ω–∞—è –≥–ª—É–±–∏–Ω–∞. –≠—Ç–∞ –º—É–∑—ã–∫–∞ —Å–æ–µ–¥–∏–Ω—è–µ—Ç –≤ —Å–µ–±–µ —è–∑—ã–∫–∏ —Ä–∞–∑–ª–∏—á–Ω—ã—Ö –º—É–∑—ã–∫–∞–ª—å–Ω—ã—Ö –∫—É–ª—å—Ç—É—Ä: —Å–æ–≤—Ä–µ–º–µ–Ω–Ω—ã–π –¥–∂–∞–∑, –∞–∫–∞–¥–µ–º–∏—á–µ—Å–∫–∞—è –º—É–∑—ã–∫–∞, —Ñ–æ–ª–∫, —Ç—Ä–∏–ø-—Ö–æ–ø, —ç–º–±–∏–µ–Ω—Ç.
üéº
–°–æ—Å—Ç–∞–≤:
–ê–Ω—Ç–æ–Ω –ó–∞–≥–∞—Ä–æ–≤ ‚Äì üéπ —Ñ–æ—Ä—Ç–µ–ø–∏–∞–Ω–æ
–°–≤—è—Ç–æ—Å–ª–∞–≤ –®–µ—Ö–æ–≤—Ü–æ–≤ ‚Äì üé∏–≥–∏—Ç–∞—Ä–∞
–ù–∏–∫–æ–ª–∞–π –ü—Ä–∏—Ö–æ—Ç—å–∫–æ ‚Äì ü•Å —É–¥–∞—Ä–Ω—ã–µ
üéº
P.s. –û—Ñ–æ—Ä–º–ª–µ–Ω–∏–µ –∏–Ω—Ç–µ—Ä—å–µ—Ä–∞ ESSE –∫–æ–º–ø–æ–∑–∏—Ü–∏—è–º–∏ –∏ –ø–∞—Ä–∞—Ñ–∏–Ω–æ–≤—ã—Ö –ø–æ–¥—Å–≤–µ—á–Ω–∏–∫–æ–≤ & —Å–≤–µ—Ç–æ–¥–∏–æ–¥–Ω—ã—Ö —Å–≤–µ—á–µ–π –∏–∑ –Ω–∞—à–µ–≥–æ –∞—Å—Å–æ—Ä—Ç–∏–º–µ–Ω—Ç–∞. üíñüïØ",21
20,My Favorite Things from The Sound of Music,"""My Favorite Things"" from the 1965 film of THE SOUND OF MUSIC. 

Listen now to THE SOUND OF MUSIC Original Soundtrack Recording! https://found.ee/TheSoundofMusicListen

CONNECT WITH THE SOUND OF MUSIC:
https://www.facebook.com/TheSoundOfMusic
https://twitter.com/SoundofMusic
https://www.instagram.com/soundofmusic/

CONNECT WITH RODGERS & HAMMERSTEIN :
http://www.rodgersandhammerstein.com‚Äã
http://www.facebook.com/RodgersandHammerstein
https://twitter.com/RnH_Org
http://instagram.com/rodgersandhammerstein
https://www.tiktok.com/@rodgersandhammerstein

ABOUT THE SOUND OF MUSIC
Produced and directed by Robert Wise, and starring Julie Andrews and Christopher Plummer, with Richard Haydn and Eleanor Parker. The film is an adaptation of the 1959 Broadway musical of the same name, composed by Richard Rodgers with lyrics by Oscar Hammerstein II. The film's screenplay was written by Ernest Lehman, adapted from the stage musical's book by Lindsay and Crouse. Based on the memoir The Story of the Trapp Family Singers by Maria von Trapp, the film is about a young Austrian woman studying to become a nun in Salzburg in 1938 who is sent to the villa of a retired naval officer and widower to be governess to his seven children. After bringing and teaching love and music into the lives of the family through kindness and patience, she marries the officer and together with the children they find a way to survive the loss of their homeland through courage and faith.

The film was released on March 2, 1965 in the United States, initially as a limited roadshow theatrical release. Although critical response to the film was widely mixed, the film was a major commercial success, becoming the number one box office movie after four weeks, and the highest-grossing film of 1965. By November 1966, The Sound of Music had become the highest-grossing film of all-time‚Äîsurpassing Gone with the Wind‚Äîand held that distinction for five years. The film was just as popular throughout the world, breaking previous box-office records in twenty-nine countries. Following an initial theatrical release that lasted four and a half years, and two successful re-releases, the film sold 283 million admissions worldwide and earned a total worldwide gross of $286,000,000.

The Sound of Music received five Academy Awards, including Best Picture and Best Director. The film also received two Golden Globe Awards, for Best Motion Picture and Best Actress, the Directors Guild of America Award for Outstanding Directorial Achievement, and the Writers Guild of America Award for Best Written American Musical. In 1998, the American Film Institute (AFI) listed The Sound of Music as the fifty-fifth greatest American movie of all time, and the fourth greatest movie musical. In 2001, the United States Library of Congress selected the film for preservation in the National Film Registry, finding it ""culturally, historically, or aesthetically significant"".

ABOUT RODGERS & HAMMERSTEIN
After long and highly distinguished careers with other collaborators, Richard Rodgers (Composer, 1902-1979) and Oscar Hammerstein II (Librettist/Lyricist, 1895-1960) joined forces in 1943 to create the most successful partnership in American musical theater. Prior to joining forces, Rodgers collaborated with lyricist Lorenz Hart on musical comedies that epitomized wit and sophistication (Pal Joey, On Your Toes, Babes In Arms and more), while Hammerstein brought new life to operetta and created the classic Show Boat with Jerome Kern. Oklahoma!, the first Rodgers & Hammerstein musical, introduced an integrated form that became known as ‚Äúthe musical play.‚Äù Their shows that followed included Carousel, South Pacific, The King and I, and The Sound of Music. Collectively, the Rodgers & Hammerstein musicals have earned Tony, Oscar, Grammy, Emmy, Pulitzer, and Olivier Awards. The Rodgers & Hammerstein Organization is a Concord Company, www.concord.com.

#Broadway #Theater #Theatre #RodgersAndHammerstein #RichardRodgers #OscarHammerstein #Rodgers #Hammerstein #TheSoundofMusic #JulieAndrews",16647395
21,John Coltrane - My Favorite Things (1961) (Full Album),"Bass ‚Äì Steve Davis
Drums ‚Äì Elvin Jones
Piano ‚Äì McCoy Tyner
Soprano Saxophone ‚Äì John Coltrane (tracks: A1, A2)
Tenor Saxophone ‚Äì John Coltrane (tracks: B1, B2)

Recorded at Atlantic Studios, New York, NY 
Track A1 on October 21, 1960 
Track B1 on October 24, 1960 
Tracks A2 & B2 on October 26, 1960 


Engineer ‚Äì Phil Iehle, Tom Dowd
Producer ‚Äì Nesuhi Ertegun


A1 My Favorite Things 0:00
A2 Everytime We Say Goodbye 13:43
B1 Summertime 19:27
B2 But Not For Me 31:03



FAIR USE DISCLAIMER: I do not own copyright for this copyrighted artwork, but under Section 107 United States Copyright Law as noted by the United States Copyright Office (Copyright Act 1976), allowance is made for fair use for purposes such as criticism, comment, news reporting, teaching, scholarship, and research.
I state here in a good faith that I have made and uploaded here this copy of this copyrighted artwork completely for the purposes of teaching and research, that my action - i.e. my production of the copy of this copyrighted artwork and sharing of it here on Youtube in this particular case - is totally non-profit, and that I believe that my production of this copy of this copyrighted artwork and sharing of it here in Youtube in this particular case can only increase value of this copyrighted artwork and produce only positive effects for this copyrighted artwork in its potential market.",7794662
22,Dean Martin & Caterina Valente - One Note Samba,,18142235
23,Jon Batiste & Friends (Live) | JAZZ NIGHT IN AMERICA,"Listen to the radio show: https://www.npr.org/2020/05/27/863412054/the-evolution-of-jon-batiste

Jon Batiste spent his 33rd birthday playing an intimate, private concert with his band in the round while Jazz Night in America captured the show. He kept it classy, donning a suede jacket and playing selections from his two latest Verve releases, Chronology of A Dream and Anatomy of Angels.

You probably know Jon Batiste as bandleader and musical director on The Late Show with Stephen Colbert. But his credentials are deep as the roots of the Batiste family tree. He's the co-artistic director of the National Jazz Museum in Harlem, and has been a collaborator with everyone from pop singer Tori Kelly to the Jazz at Lincoln Center Orchestra. He's graduate of both the New Orleans Center of the Creative Arts and the Juilliard School, and an alumni of both Wynton Marsalis' and Roy Hargrove's bands.

For the past decade, he's developed his version of ""jazz 2.0,"" which includes what he calls ""social music."" Its lineage stems from Batiste's native New Orleans but also runs through his adopted hometown of New York City, thanks to elders like Lionel Hampton and Dr. Billy Taylor, who brought jazz from the concert halls to the streets. But Batiste is also a part of yet another lineage: jazz musicians in late-night television. On our radio show ‚Äî with help from Batiste's Late Show predecessor Paul Shaffer, its current Executive Producer, Chris Licht, and NPR television critic Eric Deggans ‚Äî we'll trace some of that history, learning how Jon Batiste developed his role. --ALEX ARIFF

SET LIST
0:19 - ""If You're Happy And You Know It"" (Joe Raposo, arr. Jon Batiste)
4:21 - ""PRINCE""
11:16 - ""HIGHER""
19:40 - ""Round Midnight"" (Thelonious Monk, Bernard D. Hanighen, Charles Cootie Williams)
28:15 - ""PWWR""
34:24 - ""BLACCK""
40:58 - ""SOULFUL"" (Roy Hargrove)
48:18 - ""ORDR""

MUSICIANS
Jonanthan Batiste (piano, vocals, bandleader)
Giveton Gelin (trumpet)
Jon Lampley (trumpet, tuba)
Eddie Barbash (alto saxophone)
Tivon Pennicott (tenor saxophone)
Endea Owens (bass)
Joe Saylor (drums)
Negah Santos (percussion)

*Correction to the credits: Nickolai Hammar is the Director of Photography.

Listen to Jon Batiste:
https://Verve.lnk.to/ChronologyOfADreamID
https://Verve.lnk.to/AnatomyofAngelsID
 
FOLLOW US!
Facebook: https://www.facebook.com/jazznight
Twitter: https://twitter.com/jazznight
Instagram: https://instagram.com/jazznightinamerica",1968474
24,The sky is cloudy,"The sky is cloudy 
–ö–æ–º–ø–æ–∑–∏—Ü–∏—è –ø–∏–∞–Ω–∏—Å—Ç–∞ –≠–¥–º–æ–Ω–¥–∞ –ú—É—Ä–∞–¥—è–Ω–∞ 
–ê–ª–µ–∫—Å–∞–Ω–¥—Ä –¢–µ—Ä–µ–Ω—Ç—å–µ–≤ - –±–∞—Å 
–ù–∏–∫–æ–ª–∞–π –ü—Ä–∏—Ö–æ—Ç—å–∫–æ - —É–¥–∞—Ä–Ω—ã–µ",94
25,"Chick Corea Trio @Tchaikovsky Hall ""Spain""","–¢—Ä–∏–æ –ß–∏–∫–∞ –ö–æ—Ä–∏–∞ (–≠–¥–¥–∏ –ì–æ–º–µ—Å - –±–∞—Å, –ë—Ä–∞–π–∞–Ω –ë–ª—ç–π–¥ - —É–¥–∞—Ä–Ω—ã–µ) –∏ –º–æ—Å–∫–æ–≤—Å–∫–∞—è –ø—É–±–ª–∏–∫–∞ –∏—Å–ø–æ–ª–Ω—è—é—Ç ""—Å–ø–µ—Ü–∏–∞–ª—å–Ω—É—é —Ö–æ—Ä–æ–≤—É—é –≤–µ—Ä—Å–∏—é"" –ø—å–µ—Å—ã –ö–æ—Ä–∏–∞ ""Spain"" –≤ –ö–ó –∏–º. –ß–∞–π–∫–æ–≤—Å–∫–æ–≥–æ, –ú–æ—Å–∫–≤–∞, 15.05.2017
Chick Corea Trio w. Eddie Gomez on bass and Brian Blade on drums, and 1,500 Muscovites perform a ""special choral version"" of Corea's original ""Spain"" at Tchaikovsky Hall in Moscow, Russia, on May 15, 2017.",137536
26,Stay Human Band performs at Boston Latin School 2013,,92526
27,Midnight Blue - Kenny Burrell // FULL TRANSCRIPTION W/TAB,"Learn #HOWTOPLAY | #KennyBurrell | #MidnightBlue

TABS, SCALE SHEETS & BACKING TRACKS are on my Patreon page 
http://www.patreon.com/exeterguitarlessons

This is the full transcription of the classic track from the 1963 album of the same name by Kenny Burrell...'Midnight Blue'.

Full transcription and scale & chord packs for all 6 lessons are on my Patreon page www.patreon.com/exeterguitarlessons for ¬£3.00


---------------------------------------------------------------------------------------------------------------------------
If you enjoyed this video please consider liking and subscribing to my channel for regular guitar lesson, licks and gear videos. 

If you found this video really useful and would like to support me then head to:

PATREON: http://www.patreon.com/exeterguitarlessons

I can also be found here:

FACEBOOK: http://www.facebook.com/exeterguitarlessons

INSTAGRAM: http://www.instagram.com/exeterguitarlessons

WEBSITE: http://www.exeterguitarlessons.com

Thanks for watching!

S",78604
28,Miles Davis - Milestones (Official Audio),"‚ÄùMilestones‚Äù by Miles Davis
Listen to Miles Davis: https://MilesDavis.lnk.to/listenYD 

Watch more Miles Davis videos: https://MilesDavis.lnk.to/listenYD/youtube

Subscribe to the official Miles Davis YouTube channel: https://MilesDavis.lnk.to/subscribeYD

Follow Miles Davis:
Facebook: https://MilesDavis.lnk.to/followFI
Instagram: https://MilesDavis.lnk.to/followII
Twitter: https://MilesDavis.lnk.to/followTI
Website: https://MilesDavis.lnk.to/followWI
Spotify: https://MilesDavis.lnk.to/followSI

#Milestones #MilesDavis #Jazz",3439494
29,ILLO feat. Pollyash - Il mio bel foco (B. Marcello),"–ü–æ–ª–∏–Ω–∞ –ê—à–∏—Ö–º–∏–Ω–∞ - –≤–æ–∫–∞–ª
–ù–∏–∫–æ–ª–∞–π –ü—Ä–∏—Ö–æ—Ç—å–∫–æ - —É–¥–∞—Ä–Ω—ã–µ
–ê–ª–µ–∫—Å–µ–π –ë–∞—É—Å–∏–Ω - –∫–æ–Ω—Ç—Ä–∞–±–∞—Å
–ù–∏–∫–æ–ª–∞–π –•–æ–º–µ–Ω–∫–æ - –∫–ª–∞–≤–∏—à–Ω—ã–µ, –∞—Ä–∞–Ω–∂–∏—Ä–æ–≤–∫–∞

–ü–µ—Ä–º—Å–∫–∞—è –∫—Ä–∞–µ–≤–∞—è —Ñ–∏–ª–∞—Ä–º–æ–Ω–∏—è, 08.04.2022",132
30,"ILLO feat. PollyAsh - Guarda in quest'occhi (A. Vivaldi, ''Ottone in villa'')","–ü–æ–ª–∏–Ω–∞ –ê—à–∏—Ö–º–∏–Ω–∞ - –≤–æ–∫–∞–ª
–ù–∏–∫–æ–ª–∞–π –ü—Ä–∏—Ö–æ—Ç—å–∫–æ - —É–¥–∞—Ä–Ω—ã–µ
–ê–ª–µ–∫—Å–µ–π –ë–∞—É—Å–∏–Ω - –∫–æ–Ω—Ç—Ä–∞–±–∞—Å
–ù–∏–∫–æ–ª–∞–π –•–æ–º–µ–Ω–∫–æ - –∫–ª–∞–≤–∏—à–Ω—ã–µ, –∞—Ä–∞–Ω–∂–∏—Ä–æ–≤–∫–∞

–ü–µ—Ä–º—Å–∫–∞—è –∫—Ä–∞–µ–≤–∞—è —Ñ–∏–ª–∞—Ä–º–æ–Ω–∏—è, 08.04.2022",164
31,ILLO - Tale (Live from Khakassia),"–ê–ª–µ–∫—Å–µ–π –ë–∞—É—Å–∏–Ω - –∫–æ–Ω—Ç—Ä–∞–±–∞—Å 
–í–∏–∫—Ç–æ—Ä –ö—É–ª–∏—à - —É–¥–∞—Ä–Ω—ã–µ 
–ù–∏–∫–æ–ª–∞–π –•–æ–º–µ–Ω–∫–æ - –∫–ª–∞–≤–∏—à–Ω—ã–µ

–≠–ø–∏–∑–æ–¥ —Å –≤—ã—Å—Ç—É–ø–ª–µ–Ω–∏—è –Ω–∞ —Ñ–µ—Å—Ç–∏–≤–∞–ª–µ –î–∂–∞–∑ –≤ –•–∞–∫–∞—Å–∏–∏, 15.04.2023",144
32,Vengo de Moler,"Provided to YouTube by Kontor New Media GmbH

Vengo de Moler ¬∑ Daniel Garc√≠a Trio

Travesuras

‚Ñó ACT Music+Vision GmbH+Co.KG

Released on: 2019-04-26

Artist: Daniel Garc√≠a Trio
Producer: Daniel Garc√≠a
Bass: Reinier Elizarde ""El Negr√≥n""
Drums: Michael Olivera
Sound  Engineer: Manuel P√°jaro
Mixer, Mastering  Engineer: Shayan Fathi
Composer: traditional
Arranger: Daniel Garcia
Piano: Daniel Garc√≠a
Music  Publisher: ACT Music Publishing

Auto-generated by YouTube.",2321
33,LADANIVA - Kef Chilini,"LADANIVA - Kef Chilini

Music and lyrics: LADANIVA

üé§   Jaklin Baghdasaryan
üé∫    Louis Thomas

üé•   TWICE
üéß   Phil Spread

Follow LADANIVA
Facebook : https://www.facebook.com/ladanivayaman/
Instagram : https://www.instagram.com/ladaniva.ladaniva/?hl=fr
Tiktok : https://www.tiktok.com/@ladaniva.ladaniva



-- Lyrics -- 
There's a guy (in our yard)
A handsome boy (haaa)
A guy with soul (oh I love him)
I call him to dance with me
But he won't come (he is shy)


Chorus: (There will be no party in our yard, because my sweetheart can‚Äôt dance)

Let the wind blow (and cool us)
From those mountains (haaa)
I went (hurriedly) and
Asked my sweetheart for a dance
I guess I was mistaken

Chorus: (There will be no party in our yard, because my sweetheart can‚Äôt dance). 

Ka mi tkha (mer bakouma) 
Tarlan tkha (haaa) 
Hoqov tkha (ah siroumem) 

hets parel kanchumem 
bayc chi galis ( amachoumeÃÅ) 


Qamin pchi ( mez hov ani) 
En lerneric (haaa) 
Es gnaci (shout gnaci) 

Yaris prel kancheci 
Achqis shpotveci 

Refrain: ( Mer aygoum k√©f chilini yareÃÅs pareÃÅl chigiti )

‘ø’° ’¥’´ ’ø’≤’° (’¥’•÷Ä ’¢’°’Ø’∏÷Ç’¥’®)
‘π’°’º’¨’°’∂ ’ø’≤’° (’∞’°’°’°)
’Ä’∏’£’∏’æ ’ø’≤’° (’°’∞ ’Ω’´÷Ä’∏÷Ç’¥ ’•’¥)
’Ä’•’ø’Ω ’∫’°÷Ä’•’¨ ’Ø’°’∂’π’∏÷Ç’¥ ’•’¥
‘≤’°’µ÷Å ’π’´ ’£’°’¨’´’Ω (’°’¥’°’π’∏÷Ç’¥ ’ß)

’î’°’¥’´’∂ ÷É’π’´ (’¥’•’¶ ’∞’∏’æ ’°’∂’´)
‘∑’∂ ’¨’•’º’∂’•÷Ä’´÷Å (’∞’°’°’°)
‘µ’Ω ’£’∂’°÷Å’´ (’∑’∏÷Ç’ø ’£’∂’°÷Å’´)
’Ö’°÷Ä’´’Ω ’∫’°÷Ä’•’¨ ’Ø’°’∂’π’•÷Å’´
‘±’π÷Ñ’´’Ω ’∑÷É’∏’©’æ’•÷Å’´

‘ø÷Ä’Ø’∂’•÷Ä’£’ù ’Ñ’•÷Ä ’°’µ’£’∏÷Ç’¥ ÷Ñ’•÷Ü ’π’´ ’¨’´’∂’´, ’µ’°÷Ä’Ω ’∫’°÷Ä’•’¨ ’π’£’´’ø’´

#ladaniva #worldmusic #shakar",27364392
34,FKJ & Tom Misch - Losing My Way,"FKJ x Tom Misch - Losing My Way 

Filmed by Fran√ßois Dubois
https://www.facebook.com/francoisduboisbruxelles

Recorded at Red Bull Studios Berlin by Christian Prommer / Mathias Schooner / David Hofmann

TOM MISCH
https://www.facebook.com/tommisch123
https://www.soundcloud.com/tommisch
https://www.twitter.com/tommisch
https://www.instagram.com/tommisch

FKJ
https://www.facebook.com/frenchkiwijuice
https://soundcloud.com/fkj-2
https://www.instagram.com/frenchkiwijuice/
https://twitter.com/Fkjmusic

RedBullStudiosBerlin :
Twitter: @RBStudiosBLN 
Instagram: @rbstudiosbln 
Facebook: redbullstudiosBLN 
Soundcloud: red-bull-studios-berlin",73415578
35,Dmitriy Semenov band & Doniyor Rizaev- funk,,200
36,City Lights (live),"–ö—É—Å–æ—á–µ–∫ –ö–æ–º–ø–æ–∑–∏—Ü–∏–∏ City Lights —Å –∫–æ–Ω—Ü–µ—Ä—Ç–∞ –≤ ""–ë—É—Ç—ã–ª–∫–µ""
–ê–Ω–¥—Ä–µ–π –§–∞—Ö—Ä–∏–µ–≤ - –ë–∞—Å
–ò–ª—å—è –©–µ–∫–ª–µ–∏–Ω - –ö–ª–∞–≤–∏—à–∏
–ú–∏—Ö–∞–∏–ª –®–∏–ª–æ–≤ - –ë–∞—Ä–∞–±–∞–Ω—ã",2068
37,"""Funk time"" Ivan Lyubimov(composer),Dmitry Semenov,Konstantin Danilov,Petr Mikheev","Live studio recording,Saint Petersburg,Kazanskay7.–ü–µ—Ç—Ä –ú–∏—Ö–µ–µ–≤-–±–∞—Ä–∞–±–∞–Ω—ã,–ö–æ–Ω—Å—Ç–∞–Ω—Ç–∏–Ω –î–∞–Ω–∏–ª–æ–≤-–∫–ª–∞–≤–∏—à–∏,–º–∞—Å—Ç–µ—Ä–∏–Ω–≥,–î–º–∏—Ç—Ä–∏–π –°–µ–º–µ–Ω–æ–≤-—Å–∞–∫—Å–æ—Ñ–æ–Ω,–ò–≤–∞–Ω –õ—é–±–∏–º–æ–≤-–±–∞—Å,–ò–≤–∞–Ω –°—ã—Å–æ-–∑–∞–ø–∏—Å—å.",3735
38,ANATOLY OSIPOV GROUP,"https://kozlovclub.ru/

Jazz, Soul, Blues, Funk, Gospel, World-Music

***
–ü–æ–¥–ø–∏—Å—ã–≤–∞–π—Ç–µ—Å—å –Ω–∞ –Ω–∞—à–∏ —Å–æ—Ü–∏–∞–ª—å–Ω—ã–µ —Å–µ—Ç–∏:
Facebook: https://www.facebook.com/KozlovClub
Vk: https://vk.com/kozlovclubfan
Instagram: https://www.instagram.com/kozlovclub/
OK: https://ok.ru/kozlovclub",338
39,"Victoria Petrovskaia Quartet / ""Skazanie o slavyanskom severe"" (fragment)","–ö–≤–∞—Ä—Ç–µ—Ç –í–∏–∫—Ç–æ—Ä–∏–∏ –ü–µ—Ç—Ä–æ–≤—Å–∫–æ–π / ""–°–∫–∞–∑–∞–Ω–∏–µ –æ —Å–ª–∞–≤—è–Ω—Å–∫–æ–º —Å–µ–≤–µ—Ä–µ""

–í–∏–∫—Ç–æ—Ä–∏—è –ü–µ—Ç—Ä–æ–≤—Å–∫–∞—è (—Ä–æ—è–ª—å, –∫–æ–º–ø–æ–∑–∏—Ü–∏—è)
–í–ª–∞–¥ –°–∞–≤–µ–Ω–∫–æ–≤ (–≥–∏—Ç–∞—Ä–∞)
–í–∞–¥–∏–º –ö–∏–º (–∫–æ–Ω—Ç—Ä–∞–±–∞—Å)
–ù–∏–∫–æ–ª–∞–π –ü—Ä–∏—Ö–æ—Ç—å–∫–æ (—É–¥–∞—Ä–Ω—ã–µ)

Victoria Petrovskaia (piano, composition)
Vlad Savenkov (guitar)
Vadim Kem (double bass)
Nikolai Prikhotko (drums)

–î–∂–∞–∑-–∫–ª—É–± ""–≠—Å—Å—ç"", –≥. –ú–æ—Å–∫–≤–∞, 22.04.2023 –≥.",24
40,"–ö–≤–∞—Ä—Ç–µ—Ç –ê–Ω–Ω—ã –°–µ—Ä–¥—é–∫–æ–≤–æ–π. ""Stranger in Town"" - Pat Metheny","""Stranger In Town"" - Pat Metheny (–ü—ç—Ç –ú–µ—Ç–∏–Ω–∏) 6:07
–ê–Ω–Ω–∞ –°–µ—Ä–¥—é–∫–æ–≤–∞ - –≥–∏—Ç–∞—Ä–∞
–°–µ—Ä–≥–µ–π –ï–ª—Ç—ã—à–µ–≤ - —Ñ–æ—Ä—Ç–µ–ø–∏–∞–Ω–æ
–í–∞–¥–∏–º –ö–∏–º - –±–∞—Å-–≥–∏—Ç–∞—Ä–∞
–ò–≥–Ω–∞—Ç –î–µ–º–∞—Ä–∏–Ω - –±–∞—Ä–∞–±–∞–Ω—ã",62
41,Natalia Valizer Quintet - Night Abstraction,,17
42,GoGo Penguin - Raven (Live at Low Four Studio),"Watch the live version of ‚ÄùRaven‚Äù, for Low Four Studio

Listen/Download the album : https://gogopenguin.lnk.to/AHumdrumStar 

Facebook : https://www.facebook.com/Gogopenguin/ 
Twitter : https://twitter.com/GoGo_Penguin?lang=fr 
Instagram : https://www.instagram.com/gogo_penguin/ 
Youtube : https://www.youtube.com/GoGoPenguinVEVO 
Official Website : http://gogopenguin.co.uk/ 

Director: Dan Parrott 
Camera: Jon Brady
Music video by GoGo Penguin performing Raven. (C) 2018 Decca Records France

http://vevo.ly/3M0Afm",386685
